{
  "tp": 111,
  "fp": 377,
  "fn": 28,
  "tn": 87,
  "precision": 0.22745901639344263,
  "recall": 0.7985611510791367
}